-- phpMyAdmin SQL Dump
-- version 4.7.4
-- https://www.phpmyadmin.net/
--
-- Host: localhost
-- Generation Time: Nov 17, 2017 at 06:16 AM
-- Server version: 10.1.26-MariaDB
-- PHP Version: 7.1.9

SET SQL_MODE = "NO_AUTO_VALUE_ON_ZERO";
SET AUTOCOMMIT = 0;
START TRANSACTION;
SET time_zone = "+00:00";


/*!40101 SET @OLD_CHARACTER_SET_CLIENT=@@CHARACTER_SET_CLIENT */;
/*!40101 SET @OLD_CHARACTER_SET_RESULTS=@@CHARACTER_SET_RESULTS */;
/*!40101 SET @OLD_COLLATION_CONNECTION=@@COLLATION_CONNECTION */;
/*!40101 SET NAMES utf8mb4 */;

--
-- Database: `pmconnect`
--

-- --------------------------------------------------------

--
-- Table structure for table `product`
--

CREATE TABLE `product` (
  `id` int(255) NOT NULL,
  `description` varchar(255) NOT NULL
) ENGINE=InnoDB DEFAULT CHARSET=utf8;

--
-- Dumping data for table `product`
--

INSERT INTO `product` (`id`, `description`) VALUES
(1, 'Qui ad rerum molestiae labore nemo. Placeat culpa adipisci quis alias sit. Eos sint tenetur omnis molestiae et provident deserunt.'),
(2, 'Sed fugit voluptatem iusto velit corporis aliquid atque. Voluptatem omnis quia non labore inventore aut inventore. Ut ut autem inventore explicabo et consequatur reiciendis sed.'),
(3, 'Dolore nisi modi maxime. Voluptas modi sit non rem. Molestiae molestiae occaecati eos autem labore quod. Consequatur praesentium voluptates omnis voluptas.'),
(4, 'Nihil quia sed nobis assumenda. Harum qui ratione velit quo voluptate maxime eius nihil. Magnam laudantium enim magnam tempora. Et sed libero totam provident placeat aut.'),
(5, 'Reiciendis quis voluptate expedita vel perferendis voluptatem. Minus quos quod debitis quos. Incidunt quia ea dolores provident. Error quae voluptas nulla et et laborum eligendi.'),
(6, 'Ipsam qui et enim nisi aut ea non. Dolores iusto quo voluptatem et rerum in. Sint nostrum aliquid molestiae inventore ducimus soluta qui ipsam.'),
(7, 'Velit dolor voluptatem nihil consectetur natus ad. Necessitatibus odio voluptates odio. Beatae doloremque deleniti atque ipsum blanditiis.'),
(8, 'Cum dolorem ab aut et culpa. Cum rerum incidunt sed voluptatum officia rerum. Id neque culpa temporibus natus velit iusto.'),
(9, 'Asperiores quos perferendis sint placeat ipsum magnam odit eos. Facere qui rerum ipsam molestiae esse animi. Distinctio tempora tenetur non veritatis voluptas rerum qui.'),
(10, 'Ad dolor hic iusto impedit velit dolores. A quisquam soluta ipsum voluptatem accusantium asperiores.'),
(11, 'Qui mollitia nulla molestiae sit. Aut nemo quos qui est. Asperiores quia et et voluptas.'),
(12, 'Alias et aut sint aperiam. Expedita natus et omnis voluptatem quia omnis. Repellat dolor illo consectetur omnis nobis. Iure voluptatem tempora laudantium.'),
(13, 'Qui dolorem omnis qui quia quis voluptatum et. Assumenda ad odio beatae aut architecto omnis. Corporis temporibus totam quidem libero itaque odio quo nihil. Quibusdam cum iusto beatae nulla.'),
(14, 'Sint sapiente omnis minus et dolores esse. Accusamus sed quidem sequi quo sequi. Velit et iste quidem. Qui odio enim in dolor a blanditiis. Dolorum et doloribus veritatis porro sed id pariatur iure.'),
(15, 'Quis voluptatum doloremque voluptas ad. Tempora voluptas itaque ipsam. Alias soluta non earum et.'),
(16, 'Illum vero eius cum qui odio. Molestias rem consequatur occaecati praesentium. Aut sit aperiam consequatur non.'),
(17, 'Numquam est ipsam nihil quasi vitae quo voluptas. Quaerat est non sit ipsum quis placeat sunt. Fugiat suscipit quam non odio soluta minus.'),
(18, 'Ipsum repellendus consectetur ut sed minima modi aut in. Aut explicabo sit molestiae. Non reprehenderit atque quasi ea. Et reprehenderit mollitia eius fugit eos tenetur.'),
(19, 'Iste maxime quasi dolorem ut autem porro qui. Delectus aperiam sed voluptas sit. Perspiciatis voluptatem dolore aliquam et dolorem animi. In sunt neque dolorem quo voluptas sed et.'),
(20, 'Optio odio rerum dolores. Possimus dicta cum ut enim aperiam aut. Autem quod voluptas eligendi autem distinctio placeat perferendis.'),
(21, 'Molestias debitis perspiciatis non enim. Nulla explicabo explicabo et voluptas voluptas ut. Et quaerat tempora doloribus hic omnis odio amet.'),
(22, 'Aut est ut expedita tempore doloremque dolores. Qui omnis ipsa est ad. Officiis eligendi molestiae ea sunt aliquam.'),
(23, 'Aspernatur aspernatur autem asperiores ad odit facere. Nesciunt qui aperiam assumenda eveniet earum reprehenderit quam. Qui consequatur libero et vel sit molestias.'),
(24, 'Architecto veniam reiciendis est harum. Quia magni eum velit ea quam. Nulla quis facilis magni adipisci aut sit.'),
(25, 'Eos quidem officia laboriosam saepe doloremque assumenda iusto. Voluptatem eveniet omnis quia doloribus maiores est sed modi. Nesciunt sed laboriosam illum optio omnis impedit.'),
(26, 'Quis explicabo quis ut mollitia recusandae. Assumenda et ut quibusdam tenetur facere est veniam neque. Rem ratione reiciendis est nam reprehenderit distinctio.'),
(27, 'Mollitia voluptatem eius distinctio qui expedita est non. Fugit quia molestiae assumenda iusto. Consectetur veritatis est quod inventore quis molestiae aliquid.'),
(28, 'Praesentium ex quia saepe qui. Quia sit veniam doloribus soluta corporis debitis voluptatibus fuga.'),
(29, 'Labore asperiores et nemo ut in quod nobis. Delectus debitis fuga voluptatem aut sed explicabo. Veniam molestiae saepe vel ut magnam. Provident quia eum commodi laborum eius repudiandae.'),
(30, 'Dolor aut eveniet laboriosam consequatur. Rerum accusantium repellat voluptatem et non. Sed labore earum placeat eveniet.'),
(31, 'Rem quibusdam reiciendis architecto consectetur. Molestiae autem ut rem nam. Perferendis fugiat hic assumenda rerum omnis. Ut quia rerum a aperiam et. Non et iste quae a.'),
(32, 'Suscipit quae maxime velit nemo placeat ex eos officia. Beatae iure dolor impedit cumque asperiores non. Sapiente aut qui et doloremque. Molestias voluptas et tenetur sunt iure.'),
(33, 'Pariatur voluptates ut laborum quam recusandae quia soluta. Hic quod nisi iusto ex. Beatae qui accusantium facere nam.'),
(34, 'Rerum excepturi est commodi quod vitae error et. Quisquam praesentium dolores porro sed itaque commodi. Sed dolorem mollitia perferendis magnam.'),
(35, 'Pariatur cum facilis quasi inventore. Aliquid doloribus vero eaque. Voluptate quis sequi et recusandae alias. Eius voluptates exercitationem aut ut ea dolorem.'),
(36, 'Commodi qui natus quo esse. Cum in impedit nulla aut fugiat quis. Dolores quasi illum est quos ut ipsa. Fugiat id error soluta quis placeat voluptatem.'),
(37, 'Reiciendis molestiae et voluptatem ut ipsum occaecati dolorem. Et culpa eius voluptatem. Dolorem fugiat provident iste nobis et. Ut eius eum dolores sit.'),
(38, 'Quo et quaerat eius velit atque consequatur. Quisquam ad odio sed aliquid. Excepturi optio totam quo ad molestias.'),
(39, 'Est quae commodi libero eos temporibus. Laboriosam sit possimus veniam iste. Natus molestias non libero reprehenderit quidem ut omnis magni. Non consectetur sit perspiciatis officia aut.'),
(40, 'Nihil minima sit est et. Modi rerum amet commodi quasi magnam. Voluptate repudiandae iure omnis libero ut.'),
(41, 'Ab unde ducimus velit fugit quis. Aut qui ut deleniti laudantium. Debitis doloremque aperiam soluta non natus neque illum aut. Dicta ab voluptas eum rem.'),
(42, 'Esse ad eos facere rem magni praesentium. Qui laboriosam nemo dolor sed aut dolor deleniti. Possimus a natus quis sed doloremque.'),
(43, 'Ipsa voluptas esse iure possimus soluta. Sed laboriosam maiores est facere fugit voluptatem corrupti.'),
(44, 'Perspiciatis et incidunt inventore architecto enim tempora. Architecto et facere fugit ut. Ex quasi rerum ad quod nesciunt quis. Repellendus asperiores tenetur consequuntur quis.'),
(45, 'Et non voluptates provident aut eos ut. Veniam ut veritatis perspiciatis ratione vitae.'),
(46, 'Molestiae aut asperiores ex. Maiores nobis distinctio beatae ut perspiciatis itaque. Dolores esse quis quis tempora exercitationem ut.'),
(47, 'Necessitatibus blanditiis facere distinctio est accusamus. Qui eaque error sit tempora sit laborum id. Vero facilis et aut quia quasi. Voluptatum et quia et voluptas. Totam nihil molestiae voluptate.'),
(48, 'Dolores nemo aut consequuntur. Voluptas soluta dolorem quasi veniam at adipisci aut dolor. Aliquid sit aut eius impedit delectus id amet accusantium.'),
(49, 'Voluptate illum quia velit est. Ab reiciendis laborum est quae ad voluptatibus. Quas quisquam quo eligendi numquam corporis aperiam.'),
(50, 'Omnis non corrupti quod ut. Explicabo qui laborum sapiente soluta. Numquam sit voluptates officiis quam est consequatur. Alias explicabo asperiores sit consequatur sit voluptate architecto.'),
(51, 'Quasi optio quod et sapiente quasi voluptas nam nemo. Facere libero voluptatum ut sint. Culpa voluptatem iure magni magnam ea est. Deserunt asperiores velit ea ab facilis consequatur inventore.'),
(52, 'Omnis libero accusantium occaecati reprehenderit id est. Nihil similique nihil vel corrupti. Non est hic quia dignissimos. Cumque eveniet maxime voluptas.'),
(53, 'A amet suscipit fugit qui. Inventore quis dolore delectus nihil exercitationem iusto. Voluptatem est quia velit ratione.'),
(54, 'Aut hic voluptatem ut voluptas sunt libero. Necessitatibus et itaque non ut repellat quam. Libero quo tenetur tempora.'),
(55, 'Expedita omnis deleniti incidunt quis nostrum fugiat. Ducimus eum distinctio qui corporis occaecati occaecati eos. Illum veniam quia totam ipsam labore veritatis officiis.'),
(56, 'Rem nisi a est officia. Incidunt voluptas sapiente ipsa ut. Adipisci et molestiae odit quaerat voluptates nam. Fuga sed ullam assumenda voluptate qui magni perferendis.'),
(57, 'Alias voluptatibus aperiam nihil. Quo perspiciatis vel totam. Laudantium autem omnis sint explicabo veritatis quos. Quisquam et atque velit consequatur error quas et.'),
(58, 'Quos ab voluptatem minus hic quae quas dolor. Officiis ut fugiat ea soluta deserunt voluptatum. Et quis enim voluptatem sunt beatae.'),
(59, 'Sapiente voluptas iure quod ut quia adipisci cum. Animi possimus dolorem quia non veritatis ut. Quis voluptate tempora placeat.'),
(60, 'Error sit dignissimos dicta eum atque. Delectus et nemo fugit eum labore voluptatibus. Non adipisci nulla rerum quas sit omnis. Eius qui sed nam deleniti.'),
(61, 'Cupiditate doloribus ab aut enim officia. Qui suscipit quo modi rerum. Ipsam veritatis nulla quaerat eum cumque quasi. Sit dolorem laboriosam dignissimos dolorem suscipit aut blanditiis.'),
(62, 'Distinctio blanditiis odio laudantium qui. Minima debitis et sit cumque saepe. Officia fugit ut quis ex iusto.');

-- --------------------------------------------------------

--
-- Table structure for table `subscription`
--

CREATE TABLE `subscription` (
  `id` int(255) NOT NULL,
  `product_id` int(255) NOT NULL,
  `user_id` int(255) NOT NULL,
  `status` tinyint(1) NOT NULL,
  `start_date` datetime NOT NULL,
  `end_date` datetime NOT NULL
) ENGINE=InnoDB DEFAULT CHARSET=utf8;

--
-- Dumping data for table `subscription`
--

INSERT INTO `subscription` (`id`, `product_id`, `user_id`, `status`, `start_date`, `end_date`) VALUES
(1, 1, 1, 0, '2017-11-28 00:00:00', '2017-12-30 00:00:00'),
(2, 2, 3, 1, '2017-11-28 00:00:00', '2018-02-21 00:00:00'),
(3, 3, 4, 1, '2017-11-28 00:00:00', '2018-03-13 00:00:00'),
(4, 4, 5, 1, '2017-11-28 00:00:00', '2018-04-22 00:00:00'),
(5, 5, 6, 1, '2017-11-28 00:00:00', '2017-12-28 00:00:00'),
(6, 6, 7, 1, '2017-11-28 00:00:00', '2018-02-21 00:00:00'),
(7, 7, 8, 1, '2017-11-28 00:00:00', '2018-02-14 00:00:00'),
(8, 8, 9, 1, '2017-11-28 00:00:00', '2018-05-25 00:00:00'),
(9, 9, 10, 1, '2017-11-28 00:00:00', '2018-03-26 00:00:00'),
(10, 10, 11, 0, '2017-11-28 00:00:00', '2018-01-18 00:00:00'),
(11, 11, 12, 1, '2017-11-28 00:00:00', '2018-02-13 00:00:00'),
(12, 12, 13, 1, '2017-11-28 00:00:00', '2018-02-24 00:00:00'),
(13, 13, 14, 1, '2017-11-28 00:00:00', '2018-06-22 00:00:00'),
(14, 14, 15, 1, '2017-11-28 00:00:00', '2017-12-30 00:00:00'),
(15, 15, 16, 1, '2017-11-28 00:00:00', '2018-04-16 00:00:00'),
(16, 16, 17, 1, '2017-11-28 00:00:00', '2018-04-10 00:00:00'),
(17, 17, 18, 1, '2017-11-28 00:00:00', '2018-02-23 00:00:00'),
(18, 18, 19, 1, '2017-11-28 00:00:00', '2018-03-27 00:00:00'),
(19, 19, 20, 1, '2017-11-28 00:00:00', '2018-03-27 00:00:00'),
(20, 20, 21, 1, '2017-11-28 00:00:00', '2018-03-14 00:00:00'),
(21, 21, 22, 0, '2017-11-28 00:00:00', '2018-03-20 00:00:00'),
(22, 2, 1, 1, '2017-11-28 00:00:00', '2018-03-12 00:00:00'),
(23, 3, 1, 1, '2017-11-28 00:00:00', '2018-02-20 00:00:00'),
(24, 23, 24, 1, '1975-03-31 19:22:40', '1977-08-15 05:43:41'),
(25, 24, 25, 1, '2013-09-30 10:39:58', '1997-09-15 05:57:24'),
(26, 25, 26, 1, '2004-05-04 01:47:16', '2006-02-15 14:01:45'),
(27, 26, 27, 1, '1996-05-19 09:00:09', '1997-10-05 02:31:55'),
(28, 27, 28, 1, '1980-04-27 06:26:47', '1997-09-02 23:06:29'),
(29, 28, 29, 1, '1976-02-14 16:26:32', '1999-02-25 23:34:33'),
(30, 29, 30, 1, '1993-11-28 03:43:06', '1984-12-09 02:34:24'),
(31, 30, 31, 1, '1976-12-10 22:59:33', '1983-05-01 16:08:03'),
(32, 31, 32, 1, '2002-09-04 22:28:53', '1981-10-27 08:17:12'),
(33, 32, 33, 1, '1972-02-16 06:36:01', '2017-01-22 07:01:59'),
(34, 33, 34, 1, '2014-01-16 06:48:41', '2016-01-15 14:57:15'),
(35, 34, 35, 1, '2008-09-29 01:50:56', '1991-09-03 22:00:00'),
(36, 35, 36, 1, '2010-03-14 12:57:32', '2009-10-30 22:27:47'),
(37, 36, 37, 1, '1990-09-19 13:04:48', '1994-10-05 06:45:38'),
(38, 37, 38, 1, '2016-02-12 03:12:14', '1987-05-05 08:58:50'),
(39, 38, 39, 1, '1977-10-15 06:47:08', '1986-11-02 13:31:56'),
(40, 39, 40, 1, '1994-08-07 20:56:22', '1972-03-08 14:36:09'),
(41, 40, 41, 1, '1971-03-25 04:40:04', '2017-07-16 04:46:25'),
(42, 41, 42, 1, '1975-10-12 08:11:22', '1992-10-30 05:54:47'),
(43, 42, 43, 1, '1973-02-08 11:10:37', '1971-10-30 17:47:29'),
(44, 43, 44, 1, '1980-05-12 06:21:13', '2018-04-24 09:57:15'),
(45, 44, 45, 1, '1990-06-04 09:02:43', '2017-11-22 21:22:05'),
(46, 45, 46, 1, '1979-12-12 11:02:51', '2018-05-05 04:08:42'),
(47, 46, 47, 1, '1973-01-10 12:13:59', '2018-10-20 12:26:58'),
(48, 47, 48, 1, '1987-09-24 14:14:34', '2017-12-19 06:09:44'),
(49, 48, 49, 1, '1975-04-02 02:59:51', '2018-04-29 07:53:45'),
(50, 49, 50, 1, '1971-02-15 22:37:07', '2018-08-01 07:10:26'),
(51, 50, 51, 1, '2000-06-23 15:09:26', '2018-03-19 13:13:11'),
(52, 51, 52, 1, '2007-11-06 02:55:54', '2018-06-18 15:14:03'),
(53, 52, 53, 1, '2010-10-06 15:15:44', '2018-11-01 15:58:00'),
(54, 53, 54, 1, '2004-09-27 16:23:33', '2018-10-19 19:13:46'),
(55, 54, 55, 1, '1983-11-09 04:16:16', '2017-12-21 08:53:34'),
(56, 55, 56, 1, '1992-08-26 16:32:00', '2018-07-20 02:32:42'),
(57, 56, 57, 1, '2008-07-05 08:12:39', '2018-05-04 13:15:52'),
(58, 57, 58, 1, '1987-10-07 10:47:12', '2018-04-29 08:17:36'),
(59, 58, 59, 1, '2003-10-24 10:41:55', '2018-11-08 16:03:51'),
(60, 59, 60, 1, '1995-09-30 04:36:04', '2018-08-16 00:13:25'),
(61, 60, 61, 1, '1975-04-19 11:46:56', '2018-07-24 04:41:45'),
(62, 61, 62, 1, '2016-01-30 15:15:34', '2018-05-01 01:43:18'),
(63, 62, 63, 1, '1996-06-20 15:51:48', '2018-09-03 18:56:58'),
(64, 1, 5, 1, '2017-11-17 04:54:27', '2018-11-17 04:54:27');

-- --------------------------------------------------------

--
-- Table structure for table `user`
--

CREATE TABLE `user` (
  `id` int(255) NOT NULL,
  `msisdn` varchar(50) NOT NULL,
  `alias` varchar(50) DEFAULT NULL,
  `mx` varchar(50) DEFAULT NULL
) ENGINE=InnoDB DEFAULT CHARSET=utf8;

--
-- Dumping data for table `user`
--

INSERT INTO `user` (`id`, `msisdn`, `alias`, `mx`) VALUES
(1, '903-418-9179 x18798', NULL, NULL),
(2, '416.613.7071 x03092', NULL, NULL),
(3, '1-617-286-5597 x632', NULL, NULL),
(4, '870-221-0568 x001', NULL, NULL),
(5, '1-583-481-7290', 'A7B4919C1169E', NULL),
(6, '+1.337.747.9447', NULL, NULL),
(7, '942-910-8996 x417', NULL, NULL),
(8, '272-623-2839 x14557', NULL, NULL),
(9, '+1-619-744-3876', NULL, NULL),
(10, '+1-936-504-0800', NULL, NULL),
(11, '(567) 884-7381', NULL, NULL),
(12, '(293) 337-6004 x1344', NULL, NULL),
(13, '529.439.2200 x3483', NULL, NULL),
(14, '1-725-497-6708', NULL, NULL),
(15, '449.213.2864 x654', NULL, NULL),
(16, '1-769-706-1997', NULL, NULL),
(17, '(336) 512-0733', NULL, NULL),
(18, '714.518.3857 x4512', NULL, NULL),
(19, '+16763064214', NULL, NULL),
(20, '+1.303.930.4526', NULL, NULL),
(21, '920.726.9455', NULL, NULL),
(22, '+1-428-693-5073', NULL, NULL),
(23, '562.930.6454 x885', NULL, NULL),
(24, '974-252-7618 x6967', NULL, NULL),
(25, '(223) 606-6892 x020', NULL, NULL),
(26, '714-860-7956 x509', NULL, NULL),
(27, '(728) 421-3472', NULL, NULL),
(28, '753.626.7721 x881', NULL, NULL),
(29, '1-253-435-0337 x92876', NULL, NULL),
(30, '201-663-1744 x514', NULL, NULL),
(31, '+1-485-370-2066', NULL, NULL),
(32, '843.227.0898 x23178', NULL, NULL),
(33, '754-669-1160 x511', NULL, NULL),
(34, '818.962.0974', NULL, NULL),
(35, '463-333-7175 x81526', NULL, NULL),
(36, '1-423-761-0627', NULL, NULL),
(37, '(771) 532-6835', NULL, NULL),
(38, '+1-610-375-9236', NULL, NULL),
(39, '371.401.0525 x06434', NULL, NULL),
(40, '1-360-820-6392', NULL, NULL),
(41, '376-373-8634', NULL, NULL),
(42, '+1 (753) 505-0994', NULL, NULL),
(43, '218-975-9919', NULL, NULL),
(44, '+1 (735) 622-4068', NULL, NULL),
(45, '(294) 532-4686 x924', NULL, NULL),
(46, '(491) 376-0881 x121', NULL, NULL),
(47, '1-331-608-4831 x136', NULL, NULL),
(48, '1-751-406-6565 x6625', NULL, NULL),
(49, '610.302.5212 x1239', NULL, NULL),
(50, '(364) 840-4745 x364', NULL, NULL),
(51, '+1-529-628-7327', NULL, NULL),
(52, '695-578-7470', NULL, NULL),
(53, '+1-876-665-2439', NULL, NULL),
(54, '+1.379.641.5160', NULL, NULL),
(55, '(556) 581-9278 x69099', NULL, NULL),
(56, '(640) 596-8118 x253', NULL, NULL),
(57, '+1-621-656-8119', NULL, NULL),
(58, '787-687-1374 x84039', NULL, NULL),
(59, '1-921-654-7443', NULL, NULL),
(60, '696.791.5168', NULL, NULL),
(61, '954-751-5613', NULL, NULL),
(62, '(927) 901-3020', NULL, NULL),
(63, '(726) 635-6076 x156', NULL, NULL);

--
-- Indexes for dumped tables
--

--
-- Indexes for table `product`
--
ALTER TABLE `product`
  ADD PRIMARY KEY (`id`);

--
-- Indexes for table `subscription`
--
ALTER TABLE `subscription`
  ADD PRIMARY KEY (`id`),
  ADD KEY `fk_user` (`user_id`),
  ADD KEY `fk_product` (`product_id`);

--
-- Indexes for table `user`
--
ALTER TABLE `user`
  ADD PRIMARY KEY (`id`);

--
-- AUTO_INCREMENT for dumped tables
--

--
-- AUTO_INCREMENT for table `product`
--
ALTER TABLE `product`
  MODIFY `id` int(255) NOT NULL AUTO_INCREMENT, AUTO_INCREMENT=63;

--
-- AUTO_INCREMENT for table `subscription`
--
ALTER TABLE `subscription`
  MODIFY `id` int(255) NOT NULL AUTO_INCREMENT, AUTO_INCREMENT=65;

--
-- AUTO_INCREMENT for table `user`
--
ALTER TABLE `user`
  MODIFY `id` int(255) NOT NULL AUTO_INCREMENT, AUTO_INCREMENT=64;

--
-- Constraints for dumped tables
--

--
-- Constraints for table `subscription`
--
ALTER TABLE `subscription`
  ADD CONSTRAINT `fk_product` FOREIGN KEY (`product_id`) REFERENCES `product` (`id`) ON DELETE NO ACTION ON UPDATE NO ACTION,
  ADD CONSTRAINT `fk_user` FOREIGN KEY (`user_id`) REFERENCES `user` (`id`) ON DELETE NO ACTION ON UPDATE NO ACTION;
COMMIT;

/*!40101 SET CHARACTER_SET_CLIENT=@OLD_CHARACTER_SET_CLIENT */;
/*!40101 SET CHARACTER_SET_RESULTS=@OLD_CHARACTER_SET_RESULTS */;
/*!40101 SET COLLATION_CONNECTION=@OLD_COLLATION_CONNECTION */;
